capKbulkprony;			capGprony;				taukprony;	taugprony
2.83149171270718e12;	5.65331491712707e7;		0.724e-9;	0.724e-9
